,city,Lat,Lon,Wind Speed,Humidity,Temperature,Cloud Cover
0,mataura,-46.19,168.86,3.2,100,42.51,88
1,cape town,-33.93,18.42,8.05,38,89.6,0
2,nha trang,12.24,109.19,15.28,96,79.05,92
3,atambua,-9.11,124.89,5.88,100,77.34,0
4,trogir,43.52,16.25,12.75,73,69.8,40
5,ushuaia,-54.81,-68.31,20.8,76,48.2,75
6,georgetown,6.8,-58.16,11.41,62,89.6,75
7,east london,-33.02,27.91,18.34,73,71.6,20
8,salem,44.94,-123.03,4.7,93,55.4,90
9,cherskiy,68.75,161.3,1.97,59,-12.3,0
10,nanakuli,21.39,-158.15,6.93,94,78.8,90
11,grand-santi,4.27,-54.38,2.98,81,82.2,80
12,mosjoen,65.84,13.19,1.74,92,33.8,20
13,zheleznodorozhnyy,55.75,38,6.71,79,39.2,20
14,port hardy,50.7,-127.42,5.82,93,44.6,20
15,matara,-13.74,-72.9,2.24,81,44.6,90
16,dali,25.6,100.24,1.74,100,50.39,20
17,vaini,15.34,74.49,6.33,33,78.56,0
18,nome,30.04,-94.42,4.32,77,66.2,1
19,chokurdakh,70.62,147.9,2.98,85,7.37,88
20,atuona,-9.8,-139.03,16.4,99,80.49,36
21,hassleholm,56.16,13.77,9.17,80,39.2,12
22,muros,42.77,-9.06,11.41,76,48.2,40
23,bluff,-23.58,149.07,8.79,52,73.07,0
24,san lawrenz,36.06,14.2,14.99,60,73.4,20
25,coreau,-3.53,-40.66,10.36,42,93.54,0
26,sarankhola,22.31,89.79,7.11,72,81.26,80
27,hof,50.32,11.92,5.82,75,44.6,40
28,port lincoln,-34.72,135.86,6.89,98,57.77,88
29,vila velha,-3.71,-38.6,17.22,55,86,40
30,taolanaro,,,,,,
31,busselton,-33.64,115.35,16.84,100,61.46,0
32,hualmay,-11.1,-77.61,3.76,72,67.44,12
33,punta arenas,-53.16,-70.91,23.04,81,48.2,75
34,umzimvubu,,,,,,
35,barrow,-38.31,-60.23,10.25,77,70.59,20
36,rikitea,-23.12,-134.97,12.82,100,72.84,48
37,cabo san lucas,22.89,-109.91,5.82,72,66.2,5
38,carnarvon,-30.97,22.13,4.43,7,92.91,0
39,kirakira,-10.46,161.92,3.76,100,83.64,64
40,agadir,30.42,-9.58,5.82,53,77,40
41,nikolskoye,59.7,30.79,20.13,80,35.6,75
42,puerto ayora,-0.74,-90.35,13.87,69,75.2,40
43,tiksi,71.64,128.87,13.49,77,9.12,0
44,nerchinskiy zavod,51.31,119.61,11.81,55,24.92,76
45,faanui,-16.48,-151.75,8.46,100,77.16,92
46,ostrovnoy,68.05,39.51,12.15,84,29.46,88
47,cidreira,-30.17,-50.22,26.57,95,65.64,88
48,attawapiskat,,,,,,
49,hirara,24.8,125.28,27.25,100,74.55,0
50,vsevolodo-vilva,,,,,,
51,guerrero negro,27.97,-114.04,3.76,71,64.11,0
52,touho,-20.78,165.23,0.96,86,61.05,36
53,kapaa,22.08,-159.32,11.41,88,75.2,90
54,saskylakh,71.97,114.09,18.19,81,11.87,36
55,honningsvag,70.98,25.97,15.61,100,34.05,80
56,albany,42.65,-73.75,8.05,86,39.2,90
57,port elizabeth,39.31,-74.98,13.87,100,60.8,90
58,karpathos,35.51,27.21,4.7,52,69.8,0
59,almaznyy,48.03,40.04,6.22,88,41.84,0
60,port alfred,-33.59,26.89,14.72,79,72.57,56
61,olafsvik,,,,,,
62,bredasdorp,-34.53,20.04,19.46,60,75.2,20
63,karkaralinsk,,,,,,
64,mys shmidta,,,,,,
65,lebu,8.96,38.73,10.69,34,66.27,0
66,hobyo,5.35,48.53,3.76,81,80.85,12
67,hobart,-42.88,147.33,10.29,64,42.8,40
68,nioro,13.79,-15.05,6.55,70,91.79,20
69,avarua,-21.21,-159.78,5.82,88,73.4,90
70,isangel,-19.55,169.27,3.2,100,74.69,0
71,belaya gora,68.54,146.19,9.35,85,5.25,88
72,bucerias,20.76,-105.33,3.42,100,75.2,40
73,richards bay,-28.77,32.06,6.11,72,75.54,20
74,thompson,55.74,-97.86,4.7,92,30.2,90
75,kruisfontein,-34,24.73,17.74,75,70.68,0
76,castro,-42.48,-73.76,3.65,94,55.07,80
77,sitka,37.17,-99.65,5.44,50,53.67,0
78,geraldton,49.72,-86.95,8.05,86,33.8,90
79,bethel,60.79,-161.76,19.46,86,28.4,1
80,hasaki,35.73,140.83,6.93,87,60.8,20
81,constitucion,23.99,-104.67,4.43,93,50,5
82,kapoeta,,,,,,
83,kaniama,-7.57,24.18,3.98,44,86.61,56
84,petropavlovsk-kamchatskiy,53.05,158.65,6.71,93,35.6,75
85,kavieng,-2.57,150.8,3.87,100,81.17,44
86,havelock,34.88,-76.9,16.11,93,55.4,90
87,port-gentil,-0.72,8.78,11.41,70,86,75
88,joshimath,30.57,79.57,1.3,86,14.61,8
89,mar del plata,-46.43,-67.52,14.05,46,65.51,0
90,victoria,5.28,115.24,3.76,88,80.6,90
91,leningradskiy,69.38,178.42,3.98,100,15.96,0
92,hermanus,-34.42,19.24,3.42,28,93.09,0
93,safwah,,,,,,
94,huarmey,-10.07,-78.15,3.98,67,67.67,68
95,namie,37.52,140.86,11.81,100,57.99,0
96,lavrentiya,65.58,-170.99,27.25,100,29.51,0
97,mezen,65.85,44.24,7.9,76,31.49,48
98,mayor pablo lagerenza,-19.93,-60.77,11.7,92,76.89,92
99,saint-philippe,45.36,-73.48,6.93,44,41,40
100,lagunas,-5.23,-75.68,3.09,85,81.17,44
101,barmer,25.74,71.4,4.76,39,74.69,0
102,new norfolk,-42.78,147.06,10.29,76,42.8,40
103,bengkulu,,,,,,
104,tasiilaq,65.61,-37.64,49.44,100,30.2,92
105,weligama,5.97,80.42,6.22,100,78.24,80
106,bargal,,,,,,
107,tula,54.19,37.62,13.15,75,38.24,92
108,gimli,50.63,-96.99,6.67,100,40.8,92
109,chuy,-33.69,-53.46,18.75,92,66.32,24
110,lagoa,37.14,-8.45,18.34,37,69.8,0
111,mehamn,71.03,27.85,13.27,80,31.04,80
112,ribeira grande,38.52,-28.7,21.92,60,71.6,40
113,kochi,9.96,76.25,2.24,78,82.4,40
114,galveston,40.58,-86.19,10.29,100,46.4,90
115,caravelas,-17.73,-39.27,27.81,97,78.92,64
116,bathsheba,13.22,-59.52,12.75,70,84.2,40
117,cabinda,-5.56,12.19,11.41,70,86,40
118,koson,39.04,65.59,9.17,15,86,20
119,palmer,-34.85,139.16,5.82,67,57.2,75
120,butaritari,3.07,172.79,11.59,100,85.49,24
121,souillac,45.6,-0.6,11.41,50,51.8,0
122,iguatu,-6.36,-39.3,8.46,31,97.68,0
123,ribeira brava,32.65,-17.07,14.99,73,69.8,75
124,kenai,60.55,-151.26,5.82,93,37.4,90
125,kodiak,39.95,-94.76,3.36,100,44.6,1
126,xiongshi,,,,,,
127,yar-sale,66.83,70.83,31.83,95,32.97,88
128,berberati,4.26,15.79,3.76,88,83.64,0
129,bambous virieux,-20.34,57.76,6.93,64,75.2,40
130,te anau,-45.41,167.72,2.19,100,39.45,80
131,campbellsville,37.34,-85.34,5.82,100,46.4,90
132,palabuhanratu,,,,,,
133,tuatapere,-46.13,167.69,3.53,100,45.84,92
134,tuktoyaktuk,69.44,-133.03,8.05,92,26.6,90
135,dikson,73.51,80.55,35.75,100,24.02,92
136,esperance,10.24,-61.45,13.87,58,87.8,40
137,laguna,27.52,-110.01,2.3,82,64.4,5
138,lompoc,34.64,-120.46,5.82,87,57.2,1
139,pacific grove,36.62,-121.92,3.2,81,51.8,40
140,kabanjahe,3.1,98.49,1.86,100,66.81,36
141,rivadavia,-31.53,-68.59,2.42,53,73.79,36
142,samusu,,,,,,
143,tumannyy,,,,,,
144,arraial do cabo,-22.97,-42.02,9.17,74,86,40
145,koshurnikovo,54.3,93.39,4.76,70,26.76,0
146,shache,38.42,77.24,5.77,45,43.32,0
147,liverpool,53.41,-2.98,16.11,52,46.4,20
148,saleaula,,,,,,
149,yulara,-25.24,130.99,9.17,82,66.2,75
150,vaitupu,,,,,,
151,mogadishu,2.04,45.34,10.29,74,82.4,75
152,vardo,39.62,-77.74,10.29,93,48.2,90
153,zhenhai,29.95,121.71,4.47,71,53.6,0
154,arkhangelos,,,,,,
155,upernavik,72.79,-56.15,17.52,100,21.9,92
156,abu kamal,34.45,40.92,7.23,49,62.4,0
157,saint-paul,45.22,1.9,13.87,70,46.4,88
158,kaitangata,-46.28,169.85,2.64,99,45.57,80
159,shahpur,22.19,77.91,3.76,58,71.67,12
160,clyde river,70.47,-68.59,23.04,92,15.8,90
161,pevek,69.7,170.27,5.66,100,3.41,0
162,illoqqortoormiut,,,,,,
163,grand river south east,,,,,,
164,suez,29.97,32.54,6.22,41,72.84,0
165,prainha,-1.8,-53.48,3.65,58,91.61,8
166,dingle,11,122.67,8.12,86,76.94,24
167,kralendijk,12.15,-68.27,16.11,74,86,75
168,lakefield,44.42,-78.27,12.75,55,41,90
169,mahebourg,-20.41,57.7,6.93,64,75.2,40
170,bababe,,,,,,
171,ornskoldsvik,63.29,18.72,11.41,100,35.6,76
172,casablanca,33.6,-7.62,6.93,68,71.6,75
173,nalut,31.86,10.98,7.45,46,76.22,32
174,kaputa,-8.47,29.66,4.43,33,85.98,20
175,visegrad,43.78,19.3,12.75,52,64.4,20
176,zhuhai,40.71,112.04,8.95,38,42.8,0
177,qaanaaq,77.48,-69.36,10.02,100,-5.91,0
178,kumphawapi,17.11,103.01,8.05,74,80.6,0
179,maceio,-9.67,-35.74,16.11,46,89.6,0
180,dunedin,-45.87,170.5,2.42,100,44.49,92
181,tabulbah,,,,,,
182,ponta do sol,-20.63,-46,7.78,100,74.82,56
183,airai,-8.93,125.41,1.19,86,65.46,0
184,coihaique,-45.58,-72.07,5.82,67,57.2,75
185,cayenne,4.94,-52.33,6.93,66,87.8,75
186,namatanai,-3.66,152.44,6.89,100,80.54,36
187,labutta,,,,,,
188,chacaltianguis,18.3,-95.84,5.66,95,76.94,92
189,sokolo,14.74,-6.12,9.57,22,99.21,12
190,port blair,11.67,92.75,11.48,100,84.36,8
191,ancud,-41.87,-73.83,4.99,95,54.84,92
192,aldan,58.61,125.39,4.99,80,14.12,48
193,khatanga,71.98,102.47,18.75,85,22.62,92
194,hovd,63.83,10.7,3.36,74,33.8,20
195,kodinsk,58.6,99.18,6.11,69,35.99,0
196,jamestown,-33.21,138.6,2.75,68,56.55,92
197,klaksvik,62.23,-6.59,17.22,75,42.8,56
198,salalah,17.01,54.1,4.7,78,80.6,20
199,rawannawi,,,,,,
200,yei,,,,,,
201,tubruq,,,,,,
202,tazovskiy,67.47,78.7,23.67,93,34.14,68
203,san patricio,-26.98,-56.83,7.45,73,72.62,0
204,tadine,-21.55,167.88,5.55,100,73.11,0
205,mildura,-34.18,142.16,8.01,64,59.57,24
206,sao joao da barra,-21.64,-41.05,6.93,88,77,75
207,teguldet,57.31,88.17,7.45,63,40.22,0
208,hilo,19.71,-155.08,6.93,88,73.4,90
209,sentyabrskiy,,,,,,
210,colares,38.8,-9.45,27.51,44,62.6,20
211,cockburn town,21.46,-71.14,10.8,98,83.01,0
212,west bay,50.71,-2.76,20.8,70,42.8,40
213,marang,,,,,,
214,lasa,34.92,32.53,1.12,53,71.6,75
215,nemuro,43.32,145.57,17.85,93,57.18,20
216,mabaruma,8.2,-59.78,6.11,79,84.77,92
217,saint-joseph,43.56,6.97,1.12,93,62.6,90
218,bolshegrivskoye,,,,,,
219,provideniya,64.42,-173.23,14.05,100,25.37,0
220,karamea,,,,,,
221,marsa matruh,31.35,27.25,6.93,56,73.4,20
222,koumac,-20.56,164.28,3.2,95,67.04,0
223,saint anthony,43.97,-111.68,9.17,50,51.8,1
224,bolungarvik,,,,,,
225,kulzeb,,,,,,
226,yellowknife,62.45,-114.38,6.93,92,30.2,75
227,voi,-3.4,38.57,5.44,86,71.49,92
228,menongue,-14.66,17.68,5.99,24,86.25,48
229,buqayq,,,,,,
230,moron,10.49,-68.2,3.65,77,81.26,12
231,satitoa,,,,,,
232,boshnyakovo,49.65,142.17,14.5,94,48.41,88
233,hue,16.47,107.58,2.24,100,77,75
234,solton,52.84,86.48,7,71,33.47,0
235,tsihombe,,,,,,
236,hithadhoo,-0.6,73.08,14.61,100,81.93,88
237,khandyga,62.65,135.58,4.76,93,7.01,12
238,tazmalt,36.39,4.4,8.05,34,78.8,75
239,ramsar,36.92,50.64,4.7,72,60.8,90
240,skjervoy,70.03,20.97,8.05,74,33.8,75
241,talcahuano,-36.72,-73.12,4.7,87,60.8,75
242,bukama,-9.2,25.85,6.11,36,92.55,20
243,plettenberg bay,-34.05,23.37,17.18,87,67.53,0
244,sobolevo,54.43,31.9,17.74,96,42.78,92
245,otradnoye,59.77,30.8,20.13,80,35.6,75
246,ambovombe,-25.18,46.09,13.94,90,71.04,88
247,amarpur,23.52,91.65,2.42,93,74.01,92
248,taltal,-25.41,-70.49,2.98,77,68.84,0
249,grand gaube,-20.01,57.66,6.93,64,75.2,40
250,bundaberg,-24.87,152.35,11.7,100,74.55,0
251,camacari,-12.7,-38.32,21.92,70,86,40
252,kebumen,-7.67,109.65,9.24,100,76.31,92
253,torbay,47.66,-52.73,24.16,45,44.6,40
254,praia da vitoria,38.73,-27.07,21.77,68,66.2,75
255,fili,8.43,4.5,3.53,77,86.21,32
256,saldanha,41.42,-6.55,14.05,58,50.39,44
257,russell,-33.01,-68.8,5.82,60,69.8,40
258,comodoro rivadavia,-45.87,-67.48,19.46,40,68,20
259,damaturu,11.75,11.96,6.22,35,93,36
260,college,64.86,-147.8,2.98,100,30.2,90
261,alyangula,-13.85,136.42,9.8,100,81.03,0
262,barawe,,,,,,
263,toliary,,,,,,
264,launceston,-41.43,147.14,4.7,69,35.6,0
265,nanortalik,60.14,-45.24,15.28,90,37.29,76
266,kabinda,-6.14,24.49,7.45,54,88.01,12
267,naze,5.43,7.07,6.93,55,91.4,75
268,ongole,15.51,80.05,8.34,68,78.87,0
269,mossendjo,-2.95,12.72,2.98,64,87.02,12
270,kogon,39.73,64.54,13.87,27,82.4,90
271,xining,36.62,101.77,3.42,80,25.5,36
272,the valley,18.22,-63.06,6.93,74,86,40
273,suntar,62.16,117.65,2.64,83,18.89,48
274,namibe,-15.19,12.15,15.84,84,79.86,0
275,huntington beach,33.68,-118,4.32,100,62.6,90
276,meulaboh,4.14,96.13,0.74,100,76.67,56
277,kalmunai,7.42,81.82,5.66,100,73.11,92
278,barentsburg,,,,,,
279,port said,25.34,30.55,8.57,17,80.94,0
280,margate,-43.03,147.26,10.29,92,42.8,40
281,coquimbo,-29.95,-71.34,11.41,72,62.6,0
282,litoral del san juan,,,,,,
283,viligili,,,,,,
284,shelburne,44.08,-80.2,5.82,93,39.2,75
285,ambon,47.55,-2.56,9.17,66,50,75
286,tual,-5.67,132.75,8.68,100,82.2,88
287,oga,8.18,5.65,7,69,88.5,36
288,blonduos,,,,,,
289,luderitz,-26.65,15.16,6.93,35,84.2,0
290,tilichiki,60.47,166.1,5.21,96,36.93,92
291,krasnoyarskiy,51.97,59.9,10.13,66,40.49,88
292,san cristobal,-0.39,-78.55,13.87,72,59,40
293,beyneu,45.32,55.19,16.62,69,50.79,92
294,wajir,1.75,40.07,9.17,55,87.8,40
295,agdas,40.65,47.48,5.99,94,51.33,32
296,severodvinsk,64.56,39.82,6.71,100,32,40
297,inirida,3.87,-67.92,2.19,87,84.99,32
298,bhimavaram,16.54,81.53,8.01,62,77.61,0
299,castries,43.68,3.99,6.93,87,53.6,92
300,cap malheureux,-19.98,57.61,6.93,64,75.2,40
301,raudeberg,61.99,5.14,10.29,65,41,32
302,tombouctou,16.77,-3.01,8.68,18,94.17,0
303,yarada,17.65,83.27,16.84,100,83.87,0
304,mokhotlong,-29.29,29.06,2.53,25,68.61,24
305,rungata,,,,,,
306,najran,17.54,44.22,11.41,20,87.8,0
307,tateyama,36.66,137.31,2.08,100,40.44,32
308,amderma,,,,,,
309,valleyview,55.07,-117.28,17.18,78,37.79,88
310,port shepstone,-30.74,30.45,5.77,86,72.17,0
311,kununurra,-15.77,128.74,5.82,51,84.2,92
312,faya,18.39,42.45,5.82,77,69.8,40
313,sao sebastiao,-3.15,-58.36,4.99,49,94.35,0
314,fortuna,38.18,-1.13,2.24,49,73.4,20
315,belushya guba,,,,,,
316,mingyue,43.11,128.91,8.79,61,30.41,76
317,san rafael,-34.61,-68.33,4.43,46,69.74,88
318,saint-pierre,48.95,4.24,8.05,70,48.2,75
319,pachino,36.72,15.09,10.29,60,71.6,20
320,sinnamary,5.38,-52.96,5.99,94,82.2,68
321,port macquarie,-31.43,152.91,6.93,93,60.8,8
322,glendora,34.14,-117.87,1.41,54,64.4,1
323,bandarbeyla,9.49,50.81,7.67,100,77.57,0
324,camabatela,-8.19,15.37,5.21,67,81.89,0
325,aklavik,68.22,-135.01,9.17,92,24.8,90
326,snezhnogorsk,69.19,33.23,2.24,92,24.8,20
327,cananeia,-25.01,-47.93,8.9,81,79.82,24
328,boundiali,9.53,-6.48,9.69,38,94.31,56
329,alice springs,-23.7,133.88,1.12,82,68,75
330,taloda,21.56,74.21,3.76,54,73.52,24
331,cape canaveral,28.41,-80.6,11.41,60,73.4,1
332,severnoye,54.09,52.54,8.68,77,33.29,64
333,lebedyn,50.58,34.48,15.61,73,50.7,64
334,mayo,63.59,-135.9,2.42,92,19.4,40
335,quatre cocos,-20.21,57.76,6.93,64,75.2,40
336,coruripe,-10.12,-36.18,19.3,87,81.84,0
337,xinzhi,22.54,120.62,3.36,60,73.4,40
338,palora,-1.7,-77.97,3.42,82,70.68,24
339,chorley,53.65,-2.63,14.99,49,46.4,20
340,carutapera,-1.2,-46.02,10.36,69,87.02,56
341,flin flon,54.77,-101.88,5.82,100,30.2,90
342,codrington,-28.95,153.24,2.98,93,59.34,0
343,rorvik,64.86,11.24,7.45,100,34.95,0
344,kieta,-6.22,155.63,2.98,99,79.01,88
345,sterling,39,-77.4,13.87,100,51.8,90
346,jalu,29.03,21.55,6.67,26,84.81,32
347,novyy urengoy,66.08,76.63,20.31,89,33.29,8
348,porto novo,-23.68,-45.44,17.22,61,82.4,75
349,turukhansk,65.8,87.96,19.75,90,36.84,92
350,talara,-4.58,-81.27,17.22,73,73.4,0
351,baruun-urt,46.68,113.28,15.05,79,32.52,76
352,farah,32.37,62.11,2.98,81,65.24,24
353,aksu,52.04,76.93,8.95,47,44.6,0
354,carson city,39.16,-119.77,3.36,64,46.4,20
355,vila franca do campo,37.72,-25.43,19.46,63,66.2,75
356,necochea,-38.55,-58.74,8.34,86,66.86,32
357,litovko,49.24,135.18,12.71,99,34.68,92
358,lata,30.78,78.62,2.64,82,42.51,0
359,emba,34.81,32.42,1.12,53,71.6,75
360,nagornyy,,,,,,
361,bocaiuva,-17.12,-43.81,10.8,54,90.17,12
362,viedma,-40.81,-62.99,13.49,55,72.44,0
363,erenhot,43.65,111.97,19.75,51,35.99,0
364,peniche,39.36,-9.38,26.4,41,60.8,20
365,marienburg,52.12,9.98,4.7,75,48.2,20
366,kamenskoye,,,,,,
367,nizhneyansk,,,,,,
368,bang saphan,11.21,99.51,2.98,90,79.95,0
369,troitskoye,52.98,84.68,3.2,89,36.03,0
370,madikeri,12.42,75.74,2.98,39,77.34,0
371,muzhi,65.4,64.7,19.86,83,32.7,88
372,balabac,7.99,117.06,2.98,100,81.84,8
373,samalaeulu,,,,,,
374,srednekolymsk,67.46,153.71,5.77,85,9.26,88
375,benjamin hill,30.17,-111.1,6.44,44,63.89,0
376,evensk,61.92,159.24,3.53,100,31.49,92
377,popondetta,-8.77,148.24,1.63,91,69.92,48
378,mecca,21.43,39.83,7.56,28,89.76,0
379,sorong,-0.86,131.25,13.15,100,81.62,12
380,sorvag,,,,,,
381,iqaluit,63.75,-68.52,23.04,85,23,90
382,ahipara,-35.17,173.16,10.58,100,59.52,92
383,konevo,41.67,25.61,12.82,69,63.26,8
384,bur gabo,,,,,,
385,ust-kulom,61.69,53.69,5.99,87,32.43,88
386,la palma del condado,37.38,-6.55,18.34,52,69.8,20
387,lunenburg,42.59,-71.72,8.05,100,48.2,90
388,palmerston,43.83,-80.85,12.75,93,35.6,90
389,oistins,13.07,-59.53,12.75,70,84.2,40
390,tias,28.96,-13.65,12.75,64,77,40
391,meinung,,,,,,
392,baykit,61.68,96.39,9.24,77,36.17,0
393,shagamu,6.84,3.65,6.93,74,86,40
394,antigonish,45.62,-61.99,6.93,38,39.2,1
395,tala,20.65,-103.7,3.31,80,62.94,24
396,ondorhaan,,,,,,
397,kangaatsiaq,68.31,-53.46,4.09,91,33.87,88
398,katwijk,52.2,4.41,3.36,71,51.8,56
399,mount gambier,-37.83,140.78,3.2,92,45.44,12
400,goundam,16.42,-3.66,8.34,21,94.71,0
401,nieuw amsterdam,5.88,-55.08,6.93,59,89.6,75
402,tessalit,20.2,1.01,5.77,20,88.37,0
403,nizhniy baskunchak,48.22,46.83,7.34,81,41.12,0
404,samarkand,39.65,66.98,6.93,16,84.2,80
405,rolla,37.95,-91.77,4.7,93,46.4,20
406,tromso,69.65,18.96,11.41,100,32,75
407,schladming,47.39,13.69,6.93,93,44.6,75
408,kavaratti,10.57,72.64,7.11,99,86.25,0
409,olkhovka,53.21,60.61,11.48,57,40.62,76
410,qabis,,,,,,
411,fredericksburg,38.3,-77.46,11.41,100,51.8,90
412,polovinnoye,54.79,65.99,10.47,64,42.69,80
413,bodden town,19.28,-81.25,5.82,79,86,20
414,belmonte,40.36,-7.35,14.83,69,51.06,0
415,ugoofaaru,5.67,73,2.19,100,78.69,92
416,oshakati,-17.78,15.7,9.17,19,91.4,36
417,katsuura,33.93,134.5,8.46,95,55.52,32
418,heiligenhafen,54.37,10.98,10.29,86,42.8,75
419,sao filipe,14.9,-24.5,13.27,93,80.22,20
420,bom jesus,-5.99,-35.58,17.22,45,87.8,75
421,sorland,67.67,12.69,22.1,100,42.02,92
422,kalabo,-15,22.67,12.03,14,93.18,0
423,talaya,55.79,84.89,11.7,76,38.87,0
424,ucluelet,48.94,-125.55,4.7,93,41,20
425,gromiljak,43.97,18.05,11.41,42,68,40
426,tamale,9.4,-0.84,4.43,47,96.11,0
427,hohhot,40.81,111.65,8.95,38,42.8,0
428,karaul,,,,,,
429,kokstad,-30.55,29.42,4.88,26,79.59,0
430,port keats,-14.25,129.55,7.11,92,79.68,0
431,changde,29.04,111.68,2.75,70,52.77,0
432,bonthe,7.53,-12.5,3.65,85,84.27,24
433,tabat,-2.64,115.23,1.52,95,76.08,8
434,marcona,,,,,,
435,japura,-0.42,102.29,1.97,96,76.04,24
436,raglan,-37.8,174.87,13.27,99,59.79,92
437,yuncheng,35.03,111,3.09,81,37.52,0
438,hambantota,6.12,81.12,6.22,100,79.32,48
439,haines junction,60.75,-137.51,2.98,95,18.39,0
440,buchanan,5.88,-10.05,10.29,70,87.8,75
441,camacha,33.08,-16.33,17.22,73,69.8,40
442,selenginsk,52.01,106.87,8.95,45,44.6,40
443,mana,43.52,20.24,3.36,43,71.6,0
444,itarema,-2.92,-39.92,18.3,56,90.89,0
445,toba tek singh,30.98,72.49,3.76,64,73.47,0
446,altamont,49.4,-98.5,8.23,100,37.4,32
447,umm kaddadah,13.6,26.69,16.06,14,93.18,0
448,avera,33.19,-82.53,14.99,77,60.8,90
449,portland,45.52,-122.67,2.19,93,55.4,75
450,severo-kurilsk,50.68,156.12,3.09,100,36.3,20
451,hami,42.84,93.51,4.43,66,36.26,0
452,anadyr,64.73,177.51,6.71,67,19.4,0
453,lakatoro,-16.11,167.42,5.21,100,75.45,24
454,mbekenyera,-10,38.98,5.32,32,88.05,64
455,port hedland,-20.31,118.58,4.7,78,73.4,0
456,fort nelson,58.81,-122.69,11.41,60,42.8,75
457,nuuk,64.17,-51.74,28.86,52,41,75
458,norman wells,65.28,-126.83,4.7,100,23,90
459,fukue,35.03,136.69,16.11,63,62.6,0
460,brae,60.4,-1.35,18.34,70,46.4,36
461,tarudant,,,,,,
462,balakhninskiy,58.01,114.28,2.3,80,8.72,36
463,noumea,-22.28,166.46,3.36,93,64.4,0
464,neiafu,-18.65,-173.98,5.82,83,73.4,75
465,genhe,50.78,121.52,16.84,70,18.89,76
466,nelson bay,-32.72,152.14,17.22,82,66.2,40
467,zhigansk,66.77,123.37,7.34,89,16.05,76
468,kahului,20.89,-156.47,11.41,83,77,1
469,puerto del rosario,28.5,-13.86,14.99,69,77,40
470,sjovegan,68.87,17.85,0.07,100,30.2,75
471,santarem,,,,,,
472,sisimiut,66.94,-53.67,1.74,100,29.91,56
473,malindi,-3.22,40.12,9.17,78,80.6,40
474,crnici,43.13,17.87,10.29,56,71.6,40
475,hokitika,-42.72,170.96,2.64,100,47.42,12
476,santa fe,-31.62,-60.7,4.43,91,71.22,36
477,villarrica,-39.28,-72.23,2.75,88,56.1,80
478,mikhaylovka,52.96,103.29,4.21,76,27.89,0
479,ypsilanti,42.24,-83.61,10.29,87,44.6,90
480,harper,30.3,-99.24,4.7,88,62.6,1
481,lorengau,-2.02,147.27,3.42,100,81.93,24
482,aksarka,66.56,67.8,25.9,89,30.99,44
483,san nicolas guadalupe,,,,,,
484,ode,7.79,5.71,6.22,67,85.98,76
485,noshiro,40.21,140.05,19.64,100,58.71,88
486,lethem,3.38,-59.8,15.17,44,95.12,0
487,nanma,35.7,113.14,8.12,28,45.93,0
488,witu,-2.39,40.44,7.67,83,77.88,44
489,corrales,5.83,-72.84,2.3,78,61.68,36
490,kayiry,46.95,33.71,12.03,69,60.24,24
491,longyearbyen,78.22,15.63,9.17,72,17.6,75
492,ruatoria,,,,,,
493,caluquembe,-13.78,14.68,8.79,37,82.11,44
494,homa bay,-0.53,34.45,21.92,88,69.8,75
495,broome,52.47,1.45,6.93,93,42.8,75
496,tungor,53.39,142.95,27.81,80,44.76,92
497,esna,45.2,27.57,8.46,43,67.71,0
498,bay roberts,47.58,-53.28,24.16,45,44.6,40
499,abalak,15.46,6.28,9.13,26,98.54,32
500,gornozavodsk,58.37,58.33,15.28,75,31.89,88
501,dodge city,37.75,-100.02,4.7,75,44.6,1
502,almeirim,39.21,-8.63,26.4,41,62.6,20
503,kothapet,17.37,78.55,3.36,47,77,0
504,alcains,39.92,-7.46,14.83,69,51.06,0
505,natal,-5.81,-35.21,17.22,45,87.8,75
506,heinola,61.2,26.03,11.41,69,33.8,75
507,san juan,-31.54,-68.53,2.42,53,73.79,36
508,eskil,38.4,33.41,2.53,79,47.87,0
509,marzuq,14.4,46.47,4.21,23,71.27,0
510,thongwa,16.76,96.52,3.36,83,82.4,40
511,gamboma,-1.87,15.88,2.3,90,82.34,24
512,marrakesh,31.63,-7.99,11.41,77,66.2,40
513,ulladulla,-35.36,150.48,4.7,87,60.8,90
514,beringovskiy,63.05,179.32,5.99,100,20.55,92
515,stoyba,,,,,,
516,gunjur,13.18,-16.76,5.82,55,89.6,44
517,ciudad bolivar,8.12,-63.55,14.72,48,93,0
518,yichun,27.8,114.38,0.63,84,48.59,0
519,husavik,50.56,-96.99,6.67,100,40.8,92
520,kulhudhuffushi,6.62,73.07,3.42,100,81.3,92
521,xingcheng,40.62,120.71,7.45,52,43.68,48
522,gerash,27.67,54.14,6.93,36,78.8,75
523,pisco,-13.71,-76.2,4.7,82,64.4,90
524,vostok,46.45,135.83,7.23,81,28.11,88
525,champerico,16.38,-93.6,2.24,78,77,75
526,touros,-5.2,-35.46,14.72,61,86.84,0
527,bosaso,11.28,49.18,8.46,100,78.69,12
528,kurilsk,45.23,147.88,27.25,97,53.76,92
529,narsaq,60.91,-46.05,3.36,98,39.2,75
530,zhanaozen,43.35,52.85,16.73,52,51.69,0
531,werda,50.44,12.3,3.36,75,46.4,75
532,togul,53.47,85.91,5.1,79,30.9,0
533,eldikan,,,,,,
534,waipawa,-39.94,176.59,3.76,85,54.93,88
535,walvis bay,-22.95,14.51,11.48,77,72.3,0
536,enumclaw,47.2,-121.99,1.97,100,46.4,1
537,saint george,39.45,22.34,9.17,64,69.8,0
538,jumla,29.28,82.18,1.86,96,31.31,88
539,kita,35.76,139.74,5.82,67,66.2,20
540,valentin gomez farias,24.05,-104.7,4.43,93,50,5
541,rokiskis,55.97,25.58,16.96,96,45.62,92
542,aflu,,,,,,
543,talagante,-33.66,-70.93,2.24,37,71.6,75
544,aitape,-3.15,142.36,0.51,97,81.03,64
545,komsomolskiy,67.55,63.78,18.52,92,25.91,92
546,salgar,5.96,-75.98,1.63,57,77,20
547,padang,-0.92,100.36,2.64,100,80.58,36
548,kempele,64.91,25.51,8.05,91,32,12
549,reconquista,-29.14,-59.64,10.8,83,71.58,0
550,carhuaz,-9.28,-77.65,2.42,77,53.09,68
551,ellensburg,47,-120.55,3.36,80,41,1
552,zhezkazgan,47.8,67.71,10.47,44,56.37,68
553,chesterville,44.55,-70.09,4.7,63,37.4,90
554,voronovytsya,49.11,28.68,14.05,72,56.82,56
555,bisert,56.85,59.05,10.36,72,32.12,68
556,wanning,48.64,13.53,2.24,87,46.4,75
557,carbonia,39.17,8.53,10.29,88,71.6,20
558,garoua boulai,5.88,14.55,10.47,61,84.9,32
559,binzhou,37.38,117.96,12.71,34,49.71,12
560,belogorsk,45.06,34.59,12.59,83,57.45,8
561,oswego,37.17,-95.11,5.21,100,53.6,1
562,qasigiannguit,68.82,-51.19,18.34,44,37.4,75
563,lingao,19.91,109.69,7.78,92,73.97,0
564,jaisalmer,26.91,70.91,5.66,37,75.45,0
565,carayao,-25.18,-56.4,7.67,71,75.63,0
566,halalo,,,,,,
567,belawan,-0.59,114.46,2.19,96,73.79,64
568,aztec,36.82,-107.99,8.05,69,39.2,1
569,saint-francois,46.42,3.91,4.7,87,44.6,90
570,tabou,4.42,-7.36,9.46,100,82.11,8
571,akcakoca,41.09,31.12,1.97,61,52.91,0
572,george town,5.42,100.33,3.36,94,80.6,75
573,lazaro cardenas,28.39,-105.62,2.75,76,53.6,5
574,konibodom,40.3,70.43,15.66,28,69.8,40
575,meyungs,,,,,,
576,ouadda,8.07,22.4,7.23,85,79.64,24
577,odweyne,,,,,,
578,swiecie,53.41,18.45,17.22,61,48.2,75
579,trinidad,-33.52,-56.9,9.17,63,66.2,75
580,hamilton,32.3,-64.78,20.8,64,75.2,75
581,kamaishi,39.28,141.86,7.11,90,52.95,0
582,loa janan,-0.58,117.09,2.19,91,78.33,64
583,pemangkat,,,,,,
584,gwanda,-20.94,29,17.07,17,83.96,0
585,utevka,52.9,50.95,8.23,73,36.66,32
586,davila,18.47,120.58,28.14,96,79.46,20
587,dien bien,,,,,,
588,shingu,33.72,135.99,12.82,100,62.4,0
589,ouesso,1.61,16.05,2.64,76,84.59,8
590,kayerkan,69.35,87.76,24.9,94,37.16,92
591,cap-aux-meules,47.38,-61.86,11.41,51,37.4,75
592,zemetchino,53.5,42.62,7,77,36.66,88
593,mayna,53,91.49,1.97,95,28.07,0
594,fairbanks,64.84,-147.72,2.98,100,30.2,90
595,neuruppin,52.92,12.81,12.75,61,46.4,75
596,hermosillo,29.09,-110.96,2.53,82,62.6,5
597,babanusah,,,,,,
598,arboledas,7.64,-72.8,13.87,52,87.8,20
599,kodarma,24.47,85.59,1.86,75,67.26,0
600,kudahuvadhoo,2.67,72.89,9.01,100,81.3,76
601,khani,41.96,42.96,4.7,87,51.8,40
602,dalvik,57.79,14.13,13.87,86,33.8,88
603,samarai,-10.62,150.67,9.57,100,79.91,68
604,bud,62.91,6.91,6.67,86,37.4,40
605,karratha,-20.74,116.85,12.82,48,76.26,0
606,lopandino,52.46,34.82,17.29,84,45.62,68
607,auch,43.65,0.59,6.93,54,53.6,90
608,rock springs,41.59,-109.2,12.75,52,46.4,1
609,isla mujeres,21.23,-86.73,3.36,74,80.6,20
610,zagyvaszanto,47.78,19.67,6.93,82,62.6,0
611,alofi,-19.06,-169.92,4.7,94,73.4,92
612,tezu,27.93,96.16,2.19,55,61.46,0
613,utiroa,,,,,,
614,vaitape,-16.52,-151.75,6.22,100,76.67,48
615,baihar,22.11,80.55,5.32,53,70.68,0
616,pozo colorado,-23.49,-58.8,12.26,80,77.25,0
617,hofn,64.25,-15.21,3.76,100,35.13,24
618,tarakan,3.3,117.63,4.65,93,82.83,20
619,bystryy istok,52.37,84.39,3.53,65,31.31,0
620,deputatskiy,69.3,139.9,3.09,79,0.66,88
621,gizo,31.8,34.94,11.41,46,73.4,0
622,novosheshminsk,55.06,51.22,12.26,92,34.23,56
623,goderich,43.74,-81.71,16.96,100,41.57,92
624,marsala,37.8,12.44,25.28,78,75.2,20
